timestamp,level,cpu_max_pct,cpu_avg_pct,mem_used_pct,mem_avail_mb,disk_read_mb,disk_write_mb,net_sent_mb,net_recv_mb,top_pid,top_proc_name,top_proc_cpu,status,is_anomaly,anomaly_type,line_no
2026-05-22 18:33:43,INFO,22.5,22.5,53.5,1860.0,3.36,0.56,0.08,0.65,500,python,22.5,NORMAL,0,none,5
2026-05-22 18:33:44,INFO,4.7,4.7,45.5,2180.0,1.56,2.97,0.86,1.03,501,python,4.7,NORMAL,0,none,6
2026-05-22 18:33:45,INFO,14.5,14.5,24.9,3004.0,3.89,1.43,1.17,0.78,502,python,14.5,NORMAL,0,none,7
2026-05-22 18:33:46,INFO,12.8,12.8,40.8,2368.0,2.72,2.87,0.78,0.62,503,python,12.8,NORMAL,0,none,8
2026-05-22 18:33:47,INFO,25.8,25.8,26.2,2952.0,0.14,0.84,0.42,1.72,504,python,25.8,NORMAL,0,none,9
2026-05-22 18:33:48,INFO,20.3,20.3,21.8,3128.0,2.97,0.13,0.37,0.38,505,python,20.3,NORMAL,0,none,10
2026-05-22 18:33:49,INFO,15.7,15.7,29.3,2828.0,0.34,2.09,1.2,0.34,506,python,15.7,NORMAL,0,none,11
2026-05-22 18:33:50,WARNING,97.7,97.7,25.2,2992.0,3.34,2.62,0.6,0.55,507,python,97.7,ANOMALY:CPU_SPIKE,1,CPU_SPIKE,12
2026-05-22 18:33:51,INFO,16.7,16.7,55.4,1784.0,2.81,0.41,1.59,1.04,508,python,16.7,NORMAL,0,none,13
2026-05-22 18:33:52,INFO,2.2,2.2,43.7,2252.0,2.14,1.16,1.17,1.8,509,python,2.2,NORMAL,0,none,14
2026-05-22 18:33:53,INFO,4.0,4.0,47.7,2092.0,3.43,3.0,0.65,0.88,510,python,4.0,NORMAL,0,none,15
2026-05-22 18:33:54,INFO,18.8,18.8,57.4,1704.0,1.84,1.29,1.39,0.07,511,python,18.8,NORMAL,0,none,16
2026-05-22 18:33:55,INFO,6.0,6.0,58.6,1656.0,0.59,2.14,0.27,1.97,512,python,6.0,NORMAL,0,none,17
2026-05-22 18:33:56,INFO,23.1,23.1,44.6,2216.0,3.65,2.44,0.51,0.61,513,python,23.1,NORMAL,0,none,18
2026-05-22 18:33:57,INFO,13.9,13.9,53.3,1868.0,2.1,0.58,1.33,1.29,514,python,13.9,NORMAL,0,none,19
2026-05-22 18:33:58,INFO,6.7,6.7,40.3,2388.0,4.88,2.26,1.79,0.43,515,python,6.7,NORMAL,0,none,20
2026-05-22 18:33:59,INFO,10.8,10.8,50.6,1976.0,1.92,1.44,0.46,0.78,516,python,10.8,NORMAL,0,none,21
2026-05-22 18:33:60,INFO,21.1,21.1,49.8,2008.0,1.96,2.56,1.66,1.12,517,python,21.1,NORMAL,0,none,22
2026-05-22 18:33:61,INFO,2.4,2.4,41.9,2324.0,2.56,2.88,0.94,0.06,518,python,2.4,NORMAL,0,none,23
2026-05-22 18:33:62,INFO,19.8,19.8,38.0,2480.0,2.24,1.14,0.86,0.8,519,python,19.8,NORMAL,0,none,24
2026-05-22 18:33:63,INFO,26.7,26.7,43.4,2264.0,3.84,1.43,1.73,1.59,520,python,26.7,NORMAL,0,none,25
2026-05-22 18:33:64,INFO,9.9,9.9,21.1,3156.0,3.19,2.31,1.1,0.96,521,python,9.9,NORMAL,0,none,26
2026-05-22 18:33:65,INFO,5.5,5.5,42.2,2312.0,1.77,1.65,1.13,0.21,522,python,5.5,NORMAL,0,none,27
2026-05-22 18:33:66,INFO,6.9,6.9,52.7,1892.0,0.78,1.2,1.95,1.0,523,python,6.9,NORMAL,0,none,28
2026-05-22 18:33:67,INFO,17.2,17.2,38.3,2468.0,2.78,0.87,0.19,0.26,524,python,17.2,NORMAL,0,none,29
2026-05-22 18:33:68,INFO,9.2,9.2,28.3,2868.0,3.83,2.39,1.91,0.31,525,python,9.2,NORMAL,0,none,30
2026-05-22 18:33:69,INFO,27.3,27.3,52.4,1904.0,4.37,0.9,1.37,0.87,526,python,27.3,NORMAL,0,none,31
2026-05-22 18:33:70,INFO,9.8,9.8,56.9,1724.0,2.75,2.23,1.42,0.59,527,python,9.8,NORMAL,0,none,32
2026-05-22 18:33:71,INFO,21.4,21.4,45.8,2168.0,3.05,1.41,0.27,1.02,528,python,21.4,NORMAL,0,none,33
2026-05-22 18:33:72,INFO,3.6,3.6,27.1,2916.0,4.44,1.08,0.81,0.03,529,python,3.6,NORMAL,0,none,34
2026-05-22 18:33:73,INFO,10.7,10.7,56.8,1728.0,4.11,0.91,1.55,0.36,530,python,10.7,NORMAL,0,none,35
2026-05-22 18:33:74,INFO,10.4,10.4,25.6,2976.0,4.9,0.46,1.36,1.59,531,python,10.4,NORMAL,0,none,36
2026-05-22 18:33:75,INFO,18.4,18.4,29.2,2832.0,3.89,1.5,0.98,1.9,532,python,18.4,NORMAL,0,none,37
2026-05-22 18:33:76,INFO,9.2,9.2,49.2,2032.0,2.48,1.44,1.73,1.09,533,python,9.2,NORMAL,0,none,38
2026-05-22 18:33:77,INFO,27.6,27.6,43.9,2244.0,4.81,2.69,1.61,1.74,534,python,27.6,NORMAL,0,none,39
2026-05-22 18:33:78,INFO,7.4,7.4,50.6,1976.0,3.73,0.26,1.58,0.54,535,python,7.4,NORMAL,0,none,40
2026-05-22 18:33:79,INFO,29.3,29.3,23.4,3064.0,1.28,0.4,1.67,1.81,536,python,29.3,NORMAL,0,none,41
2026-05-22 18:33:80,INFO,21.0,21.0,30.1,2796.0,3.31,1.21,0.61,1.28,537,python,21.0,NORMAL,0,none,42
2026-05-22 18:33:81,INFO,1.1,1.1,58.7,1652.0,2.66,2.32,1.47,1.5,538,python,1.1,NORMAL,0,none,43
2026-05-22 18:33:82,WARNING,19.3,19.3,92.9,3084.0,3.55,0.51,1.0,0.46,539,python,19.3,ANOMALY:MEM_SPIKE,1,MEM_SPIKE,44
2026-05-22 18:33:83,INFO,12.0,12.0,49.6,2016.0,4.34,2.12,1.41,1.19,540,python,12.0,NORMAL,0,none,45
2026-05-22 18:33:84,INFO,17.8,17.8,31.2,2752.0,0.17,1.77,0.27,1.98,541,python,17.8,NORMAL,0,none,46
2026-05-22 18:33:85,INFO,18.1,18.1,57.1,1716.0,2.05,1.57,1.72,0.57,542,python,18.1,NORMAL,0,none,47
2026-05-22 18:33:86,INFO,13.0,13.0,59.4,1624.0,1.55,0.64,0.44,0.51,543,python,13.0,NORMAL,0,none,48
2026-05-22 18:33:87,WARNING,98.7,98.7,21.7,3132.0,2.54,1.9,0.02,1.93,544,python,98.7,ANOMALY:CPU_SPIKE,1,CPU_SPIKE,49
2026-05-22 18:33:88,INFO,3.7,3.7,45.1,2196.0,4.23,1.13,0.21,0.75,545,python,3.7,NORMAL,0,none,50
2026-05-22 18:33:89,INFO,5.6,5.6,26.5,2940.0,2.4,2.65,0.37,1.19,546,python,5.6,NORMAL,0,none,51
2026-05-22 18:33:90,WARNING,16.0,16.0,95.3,2876.0,3.59,0.21,1.9,0.91,547,python,16.0,ANOMALY:MEM_SPIKE,1,MEM_SPIKE,52
2026-05-22 18:33:91,WARNING,99.2,99.2,20.4,3184.0,1.31,2.25,1.75,1.87,548,python,99.2,ANOMALY:CPU_SPIKE,1,CPU_SPIKE,53
2026-05-23 00:34:56,INFO,100.0,63.48,85.7,1169.5,6923442.94,3506812.62,4597.4,6764.83,74503,mdworker_shared,74.5,NORMAL,0,none,62
2026-05-23 00:34:56,INFO,100.0,57.4,85.7,1169.5,6923457.33,3506812.65,4597.4,6764.85,74503,mdworker_shared,51.3,NORMAL,0,none,63
2026-05-23 00:34:56,INFO,100.0,56.74,85.7,1169.5,6923463.33,3506812.65,4597.4,6764.87,74564,mdworker_shared,69.0,NORMAL,0,none,64
2026-05-23 00:34:56,INFO,100.0,65.05,85.7,1169.5,6923478.33,3506812.66,4597.4,6764.9,74564,mdworker_shared,31.5,NORMAL,0,none,65
2026-05-23 00:34:56,INFO,100.0,58.4,85.7,1169.5,6923478.5,3506812.66,4597.4,6764.92,74567,mdworker_shared,82.8,NORMAL,0,none,66
2026-05-23 00:34:56,INFO,100.0,53.56,85.7,1169.5,6923479.94,3506812.71,4597.4,6764.93,74567,mdworker_shared,56.3,NORMAL,0,none,67
2026-05-23 00:34:57,INFO,100.0,58.25,85.7,1169.5,6923481.18,3506812.71,4597.4,6764.96,74568,mdworker_shared,66.1,NORMAL,0,none,68
2026-05-23 00:34:57,INFO,100.0,55.85,85.9,1153.6,6923481.4,3506812.71,4597.4,6764.98,74566,mdworker_shared,36.2,NORMAL,0,none,69
2026-05-23 00:34:57,INFO,100.0,56.45,85.9,1151.3,6923481.68,3506815.43,4597.4,6765.01,74522,mdworker_shared,80.2,NORMAL,0,none,70
2026-05-23 00:34:57,INFO,100.0,67.06,85.8,1161.1,6923499.71,3506815.45,4597.4,6765.02,74522,mdworker_shared,39.6,NORMAL,0,none,71
2026-05-23 00:34:57,INFO,100.0,73.28,85.7,1169.8,6923521.25,3506815.66,4597.42,6765.04,74519,mdworker_shared,62.1,NORMAL,0,none,72
2026-05-23 00:34:57,INFO,100.0,70.28,85.7,1169.8,6923531.21,3506815.66,4597.42,6765.06,74522,mdworker_shared,64.9,NORMAL,0,none,73
2026-05-23 00:34:57,INFO,100.0,52.75,85.7,1169.8,6923531.56,3506815.66,4597.45,6765.09,74521,mdworker_shared,50.1,NORMAL,0,none,74
2026-05-23 00:34:57,INFO,100.0,58.45,85.7,1169.8,6923533.53,3506815.77,4597.45,6765.11,74571,mdworker_shared,77.4,NORMAL,0,none,75
2026-05-23 00:34:58,INFO,100.0,55.17,85.7,1169.8,6923536.49,3506815.93,4597.45,6765.14,74571,mdworker_shared,71.2,NORMAL,0,none,76
2026-05-23 00:34:58,INFO,100.0,59.24,85.8,1160.6,6923541.91,3506815.98,4597.46,6765.17,74571,mdworker_shared,80.8,NORMAL,0,none,77
2026-05-23 00:34:58,INFO,100.0,55.7,85.8,1166.1,6923542.1,3506816.04,4597.46,6765.2,74524,mdworker_shared,68.8,NORMAL,0,none,78
2026-05-23 00:34:58,INFO,100.0,58.69,85.7,1174.9,6923542.56,3506816.17,4597.46,6765.23,74509,mdworker_shared,46.9,NORMAL,0,none,79
2026-05-23 00:34:58,INFO,100.0,54.89,85.8,1164.2,6923543.09,3506816.44,4597.46,6765.26,74572,mdworker_shared,28.5,NORMAL,0,none,80
2026-05-23 00:34:58,INFO,100.0,55.42,85.7,1172.1,6923543.76,3506816.95,4597.48,6765.29,74562,Python,22.7,NORMAL,0,none,81
2026-05-23 00:34:58,INFO,100.0,55.7,85.8,1163.4,6923544.69,3506816.95,4597.48,6765.33,74568,mdworker_shared,62.4,NORMAL,0,none,82
2026-05-23 00:34:59,INFO,100.0,56.38,85.7,1170.5,6923544.85,3506816.95,4597.48,6765.36,74568,mdworker_shared,87.9,NORMAL,0,none,83
2026-05-23 00:34:59,WARNING,100.0,64.09,97.0,1164.0,6923555.17,3506816.95,4597.5,6765.39,74568,mdworker_shared,32.2,ANOMALY:MEM_SPIKE,1,MEM_SPIKE,84
2026-05-23 00:34:59,INFO,100.0,62.54,85.8,1160.7,6923561.95,3506816.95,4597.5,6765.42,74503,mdworker_shared,69.2,NORMAL,0,none,85
2026-05-23 00:34:59,INFO,100.0,56.24,85.8,1166.7,6923564.32,3506816.95,4597.5,6765.47,74503,mdworker_shared,64.9,NORMAL,0,none,86
2026-05-23 00:34:59,INFO,100.0,69.4,85.7,1170.1,6923575.58,3506818.31,4597.5,6765.5,74503,mdworker_shared,78.6,NORMAL,0,none,87
2026-05-23 00:34:59,INFO,100.0,66.42,85.8,1164.0,6923586.71,3506818.31,4597.5,6765.53,74503,mdworker_shared,56.9,NORMAL,0,none,88
2026-05-23 00:34:59,INFO,100.0,73.21,85.8,1164.0,6923600.21,3506818.31,4597.5,6765.58,74524,mdworker_shared,65.0,NORMAL,0,none,89
2026-05-23 00:34:59,INFO,100.0,66.69,85.8,1164.0,6923607.94,3506818.31,4597.5,6765.62,74564,mdworker_shared,64.8,NORMAL,0,none,90
2026-05-23 00:35:00,INFO,100.0,67.62,85.8,1164.0,6923620.74,3506818.31,4597.51,6765.66,74567,mdworker_shared,33.1,NORMAL,0,none,91
2026-05-23 00:35:00,INFO,100.0,72.28,85.8,1164.0,6923631.09,3506818.34,4597.53,6765.7,74568,mdworker_shared,75.6,NORMAL,0,none,92
2026-05-23 00:35:00,INFO,100.0,63.39,85.8,1159.7,6923637.2,3506818.36,4597.54,6765.74,74524,mdworker_shared,52.8,NORMAL,0,none,93
2026-05-23 00:35:00,INFO,100.0,58.98,85.9,1159.0,6923641.05,3506819.61,4597.54,6765.78,74524,mdworker_shared,57.1,NORMAL,0,none,94
2026-05-23 00:35:00,INFO,100.0,58.0,85.9,1156.1,6923642.96,3506819.71,4597.54,6765.83,74524,mdworker_shared,68.1,NORMAL,0,none,95
2026-05-23 00:35:00,INFO,100.0,54.6,85.9,1156.1,6923643.11,3506821.85,4597.54,6765.87,74521,mdworker_shared,51.2,NORMAL,0,none,96
2026-05-23 00:35:00,INFO,100.0,53.85,85.8,1159.4,6923643.36,3506821.94,4597.54,6765.9,74564,mdworker_shared,63.9,NORMAL,0,none,97
2026-05-23 00:35:00,INFO,100.0,53.77,85.9,1158.9,6923643.48,3506821.94,4597.54,6765.94,74564,mdworker_shared,67.9,NORMAL,0,none,98
2026-05-23 00:35:01,INFO,100.0,58.92,86.0,1149.6,6923643.88,3506823.8,4597.54,6766.0,74564,mdworker_shared,38.6,NORMAL,0,none,99
2026-05-23 00:35:01,INFO,100.0,55.42,86.0,1149.6,6923644.06,3506826.23,4597.54,6766.03,74572,mdworker_shared,80.2,NORMAL,0,none,100
2026-05-23 00:35:01,INFO,100.0,56.02,85.9,1157.2,6923644.3,3506826.5,4597.54,6766.08,74565,mdworker_shared,68.4,NORMAL,0,none,101
2026-05-23 00:35:01,INFO,100.0,57.49,85.9,1158.3,6923644.69,3506830.31,4597.54,6766.12,74565,mdworker_shared,67.4,NORMAL,0,none,102
2026-05-23 00:35:01,INFO,100.0,60.31,86.0,1145.6,6923646.18,3506839.79,4597.54,6766.13,74567,mdworker_shared,72.0,NORMAL,0,none,103
2026-05-23 00:35:01,INFO,100.0,58.45,85.8,1163.0,6923646.41,3506852.72,4597.55,6766.17,74567,mdworker_shared,80.8,NORMAL,0,none,104
2026-05-23 00:35:01,INFO,100.0,55.05,85.8,1163.0,6923646.84,3506854.73,4597.55,6766.21,74567,mdworker_shared,24.4,NORMAL,0,none,105
2026-05-23 00:35:02,INFO,100.0,65.46,85.8,1163.0,6923647.54,3506861.05,4597.55,6766.23,74522,mdworker_shared,54.9,NORMAL,0,none,106
2026-05-23 00:35:02,INFO,100.0,55.77,85.8,1163.0,6923648.38,3506861.05,4597.55,6766.25,74566,mdworker_shared,55.4,NORMAL,0,none,107
2026-05-23 00:35:02,INFO,100.0,55.81,85.8,1163.0,6923648.73,3506865.55,4597.55,6766.27,74571,mdworker_shared,48.4,NORMAL,0,none,108
2026-05-23 00:35:02,INFO,100.0,59.35,85.9,1151.9,6923652.95,3506868.7,4597.55,6766.28,74571,mdworker_shared,41.9,NORMAL,0,none,109
2026-05-23 00:35:02,INFO,100.0,71.0,85.9,1156.0,6923657.95,3506880.02,4597.55,6766.3,74568,mdworker_shared,71.8,NORMAL,0,none,110
2026-05-23 00:35:02,INFO,100.0,59.45,86.0,1145.3,6923658.3,3506881.28,4597.55,6766.32,74565,mdworker_shared,57.4,NORMAL,0,none,111
2026-05-23 00:35:02,INFO,100.0,58.81,85.8,1162.5,6923659.41,3506881.44,4597.55,6766.34,74564,mdworker_shared,45.6,NORMAL,0,none,112
2026-05-23 00:35:02,INFO,100.0,54.66,85.8,1159.5,6923663.23,3506881.73,4597.55,6766.36,74562,Python,21.2,NORMAL,0,none,113
2026-05-23 00:35:03,INFO,100.0,56.39,85.9,1152.0,6923663.55,3506882.36,4597.55,6766.38,74502,mdworker_shared,70.0,NORMAL,0,none,114
2026-05-23 00:35:03,INFO,100.0,54.67,85.9,1154.5,6923663.66,3506883.93,4597.55,6766.4,74564,mdworker_shared,75.1,NORMAL,0,none,115
2026-05-23 00:35:03,INFO,100.0,52.76,85.9,1154.5,6923663.82,3506886.05,4597.55,6766.43,74502,mdworker_shared,39.8,NORMAL,0,none,116
2026-05-23 00:35:03,INFO,100.0,57.05,85.9,1155.0,6923665.62,3506886.05,4597.55,6766.45,74566,mdworker_shared,77.2,NORMAL,0,none,117
2026-05-23 00:35:03,INFO,100.0,58.69,85.9,1152.5,6923666.22,3506888.62,4597.55,6766.47,74568,mdworker_shared,51.8,NORMAL,0,none,118
2026-05-23 00:35:03,INFO,100.0,53.06,85.8,1164.3,6923667.35,3506890.87,4597.56,6766.52,74568,mdworker_shared,73.5,NORMAL,0,none,120
2026-05-23 00:35:04,INFO,100.0,54.74,85.8,1163.7,6923667.68,3506890.87,4597.56,6766.54,74520,mdworker_shared,62.3,NORMAL,0,none,121
2026-05-23 00:35:04,INFO,100.0,53.77,85.8,1167.3,6923668.06,3506891.65,4597.56,6766.55,74564,mdworker_shared,41.8,NORMAL,0,none,122
2026-05-23 00:35:04,INFO,100.0,53.45,85.7,1167.5,6923668.25,3506891.73,4597.56,6766.56,74565,mdworker_shared,76.0,NORMAL,0,none,123
2026-05-23 00:35:04,INFO,100.0,57.14,85.8,1167.2,6923668.47,3506891.76,4597.56,6766.56,74565,mdworker_shared,26.1,NORMAL,0,none,124
2026-05-23 00:35:04,INFO,100.0,60.71,85.7,1173.6,6923669.02,3506891.8,4597.56,6766.59,74502,mdworker_shared,80.3,NORMAL,0,none,125
2026-05-23 00:35:04,INFO,100.0,61.51,85.8,1161.7,6923669.33,3506891.82,4597.56,6766.62,74522,mdworker_shared,53.3,NORMAL,0,none,126
2026-05-23 00:35:06,WARNING,100.0,57.91,85.4,1193.1,6923849.25,3507016.02,4597.57,6766.94,74571,mdworker_shared,73.1,ANOMALY:CPU_SPIKE,1,CPU_SPIKE,138
2026-05-23 00:35:06,INFO,100.0,55.77,85.5,1190.7,6923849.68,3507016.29,4597.57,6766.95,74522,mdworker_shared,60.7,NORMAL,0,none,139
2026-05-23 00:35:06,INFO,100.0,56.39,85.4,1196.8,6923849.99,3507016.32,4597.57,6766.99,74522,mdworker_shared,80.9,NORMAL,0,none,140
2026-05-23 00:35:06,INFO,100.0,56.84,85.8,1161.0,6923850.29,3507016.32,4597.57,6767.0,74509,mdworker_shared,34.0,NORMAL,0,none,141
2026-05-23 00:35:06,INFO,100.0,58.56,85.6,1179.7,6923851.78,3507016.32,4597.57,6767.02,74520,mdworker_shared,44.7,NORMAL,0,none,142
2026-05-23 00:35:06,INFO,100.0,56.6,85.6,1176.7,6923852.52,3507016.33,4597.57,6767.05,74564,mdworker_shared,39.0,NORMAL,0,none,143
2026-05-23 00:35:07,INFO,100.0,61.06,85.6,1176.7,6923856.55,3507016.36,4597.58,6767.07,74562,Python,16.1,NORMAL,0,none,144
2026-05-23 00:35:07,INFO,100.0,51.92,85.6,1176.7,6923859.5,3507016.42,4597.58,6767.1,74511,mdworker_shared,46.1,NORMAL,0,none,145
2026-05-23 00:35:07,INFO,100.0,55.77,85.6,1176.7,6923862.79,3507016.53,4597.58,6767.13,74511,mdworker_shared,46.6,NORMAL,0,none,146
2026-05-23 00:35:07,INFO,100.0,61.95,85.6,1176.7,6923864.3,3507016.8,4597.58,6767.15,74520,mdworker_shared,28.3,NORMAL,0,none,147
2026-05-23 00:35:07,INFO,100.0,54.79,85.6,1176.7,6923864.73,3507017.02,4597.58,6767.17,74562,Python,22.8,NORMAL,0,none,148
2026-05-23 00:35:07,INFO,100.0,59.38,85.8,1161.2,6923888.16,3507017.43,4597.58,6767.2,74579,mdworker_shared,42.4,NORMAL,0,none,149
2026-05-23 00:35:07,INFO,100.0,56.39,85.6,1178.3,6923889.75,3507017.59,4597.58,6767.23,74562,Python,21.4,NORMAL,0,none,150
2026-05-23 00:35:08,INFO,75.0,45.35,85.9,1155.7,6923963.54,3507034.58,4597.58,6767.33,74562,Python,19.4,NORMAL,0,none,154
2026-05-23 00:35:08,INFO,100.0,60.77,85.9,1154.5,6923964.33,3507038.18,4597.59,6767.35,74562,Python,23.3,NORMAL,0,none,155
2026-05-23 00:35:08,INFO,100.0,54.67,85.9,1153.1,6923969.36,3507046.62,4597.59,6767.39,74566,mdworker_shared,30.1,NORMAL,0,none,156
2026-05-23 00:35:09,INFO,100.0,55.8,85.9,1151.1,6923986.32,3507064.04,4597.6,6767.48,74509,mdworker_shared,24.0,NORMAL,0,none,159
2026-05-23 00:35:09,WARNING,100.0,65.2,97.4,1151.1,6923995.69,3507065.36,4597.6,6767.54,74520,mdworker_shared,26.0,ANOMALY:MEM_SPIKE,1,MEM_SPIKE,161
2026-05-23 00:35:09,INFO,100.0,58.01,85.9,1151.1,6923997.7,3507065.55,4597.6,6767.57,74572,mdworker_shared,20.0,NORMAL,0,none,162
2026-05-23 00:35:09,INFO,100.0,54.98,85.9,1151.1,6923999.01,3507065.56,4597.6,6767.59,74511,mdworker_shared,25.6,NORMAL,0,none,163
2026-05-23 00:35:09,INFO,100.0,55.34,85.9,1151.1,6923999.64,3507065.61,4597.6,6767.62,74524,mdworker_shared,26.7,NORMAL,0,none,164
2026-05-23 00:35:09,INFO,100.0,55.56,85.7,1170.2,6924007.03,3507065.74,4597.6,6767.66,74582,mdworker_shared,34.4,NORMAL,0,none,165
2026-05-23 00:35:09,INFO,100.0,53.85,85.7,1168.0,6924015.89,3507065.91,4597.6,6767.7,74562,Python,23.0,NORMAL,0,none,166
2026-05-23 00:35:10,INFO,100.0,54.59,85.7,1168.4,6924017.33,3507065.92,4597.6,6767.74,74562,Python,23.5,NORMAL,0,none,167
2026-05-23 00:35:10,INFO,100.0,55.49,85.8,1165.2,6924019.02,3507065.92,4597.6,6767.78,74562,Python,21.3,NORMAL,0,none,168
2026-05-23 00:35:10,INFO,100.0,81.95,85.7,1169.2,6924060.81,3507066.7,4597.61,6767.87,74568,mdworker_shared,36.8,NORMAL,0,none,170
2026-05-23 00:35:10,INFO,100.0,66.08,85.7,1169.2,6924068.27,3507073.82,4597.61,6767.91,74584,mdworker_shared,27.0,NORMAL,0,none,171
2026-05-23 00:35:10,INFO,100.0,64.67,85.9,1154.7,6924105.93,3507085.52,4597.62,6767.99,74584,mdworker_shared,23.3,NORMAL,0,none,173
2026-05-23 00:35:11,INFO,100.0,64.51,85.9,1151.5,6924112.43,3507089.02,4597.62,6768.04,74582,mdworker_shared,23.4,NORMAL,0,none,174
2026-05-23 00:35:11,WARNING,100.0,59.61,85.9,1152.6,6924120.26,3507114.28,4597.62,6768.11,74571,mdworker_shared,36.0,ANOMALY:CPU_SPIKE,1,CPU_SPIKE,176
2026-05-23 00:35:11,INFO,100.0,58.39,85.9,1155.1,6924137.84,3507147.0,4597.63,6768.23,74562,Python,23.3,NORMAL,0,none,178
2026-05-23 00:35:11,INFO,100.0,59.73,85.9,1155.1,6924137.9,3507147.44,4597.63,6768.27,74562,Python,18.0,NORMAL,0,none,179
2026-05-23 00:35:11,INFO,100.0,54.74,85.9,1154.3,6924138.17,3507148.52,4597.63,6768.3,74562,Python,20.2,NORMAL,0,none,180
2026-05-23 00:35:12,INFO,92.9,54.68,85.9,1158.5,6924139.91,3507150.71,4597.63,6768.34,74562,Python,15.4,NORMAL,0,none,181
2026-05-23 00:35:12,INFO,100.0,54.74,85.9,1158.5,6924142.68,3507150.92,4597.63,6768.4,74562,Python,21.3,NORMAL,0,none,183
2026-05-23 00:35:12,INFO,100.0,59.01,85.9,1158.5,6924148.61,3507164.05,4597.63,6768.41,74597,mdworker_shared,45.8,NORMAL,0,none,184
2026-05-23 00:35:12,INFO,100.0,61.8,85.9,1158.5,6924169.3,3507188.41,4597.63,6768.44,74594,mdworker_shared,25.5,NORMAL,0,none,185
2026-05-23 00:35:12,INFO,100.0,60.41,85.9,1158.5,6924174.36,3507204.98,4597.63,6768.46,74590,mdworker_shared,52.9,NORMAL,0,none,186
2026-05-23 00:35:12,INFO,100.0,55.77,85.9,1158.5,6924176.11,3507212.86,4597.63,6768.48,74590,mdworker_shared,45.7,NORMAL,0,none,187
2026-05-23 00:35:12,INFO,100.0,59.0,85.8,1166.8,6924176.52,3507212.88,4597.63,6768.51,74592,mdworker_shared,50.4,NORMAL,0,none,188
2026-05-23 00:35:13,INFO,100.0,54.66,85.8,1166.4,6924176.93,3507212.88,4597.63,6768.54,74594,mdworker_shared,63.9,NORMAL,0,none,189
2026-05-23 00:35:13,INFO,100.0,52.09,85.6,1183.0,6924179.66,3507212.9,4597.64,6768.6,74566,mdworker_shared,64.8,NORMAL,0,none,191
2026-05-23 00:35:13,INFO,100.0,54.61,85.5,1189.8,6924182.98,3507214.53,4597.64,6768.64,74584,mdworker_shared,61.8,NORMAL,0,none,192
2026-05-23 00:35:13,INFO,100.0,53.71,85.6,1177.3,6924183.47,3507214.62,4597.64,6768.67,74584,mdworker_shared,65.3,NORMAL,0,none,193
2026-05-23 00:35:13,INFO,100.0,55.44,85.6,1179.9,6924183.64,3507214.71,4597.64,6768.71,74584,mdworker_shared,72.5,NORMAL,0,none,194
2026-05-23 00:35:14,WARNING,100.0,53.75,85.8,1164.5,6924185.5,3507215.11,4597.64,6768.78,74602,mdworker_shared,51.3,ANOMALY:CPU_SPIKE,1,CPU_SPIKE,196
2026-05-23 00:35:14,INFO,100.0,55.23,85.9,1155.0,6924186.86,3507215.73,4597.64,6768.81,74604,mdworker_shared,60.4,NORMAL,0,none,197
2026-05-23 00:35:14,INFO,100.0,55.06,85.9,1155.0,6924192.91,3507218.54,4597.64,6768.84,74585,mdworker_shared,61.4,NORMAL,0,none,198
2026-05-23 00:35:14,INFO,100.0,55.35,85.9,1155.0,6924195.32,3507219.61,4597.64,6768.88,74585,mdworker_shared,34.0,NORMAL,0,none,199
2026-05-23 00:35:14,INFO,100.0,56.2,85.9,1155.0,6924195.49,3507219.73,4597.64,6768.93,74600,mdworker_shared,57.0,NORMAL,0,none,200
2026-05-23 00:35:14,INFO,100.0,55.0,85.9,1155.0,6924195.61,3507219.73,4597.65,6768.96,74602,mdworker_shared,61.9,NORMAL,0,none,201
2026-05-23 00:35:14,INFO,100.0,54.67,85.9,1155.0,6924196.41,3507219.73,4597.65,6769.0,74603,mdworker_shared,59.8,NORMAL,0,none,202
2026-05-23 00:35:14,INFO,100.0,55.23,85.9,1155.0,6924200.63,3507220.2,4597.65,6769.04,74602,mdworker_shared,32.5,NORMAL,0,none,203
2026-05-23 00:35:15,INFO,100.0,52.89,85.6,1177.3,6924202.16,3507220.44,4597.65,6769.08,74602,mdworker_shared,38.8,NORMAL,0,none,204
2026-05-23 00:35:15,INFO,100.0,54.9,85.6,1176.8,6924203.47,3507220.8,4597.65,6769.12,74606,mdworker_shared,51.0,NORMAL,0,none,205
2026-05-23 00:35:15,INFO,100.0,54.6,85.7,1172.0,6924204.89,3507220.86,4597.65,6769.17,74602,mdworker_shared,25.0,NORMAL,0,none,206
2026-05-23 00:35:15,INFO,100.0,54.29,85.6,1181.8,6924205.74,3507221.54,4597.65,6769.2,74610,mdworker_shared,44.7,NORMAL,0,none,207
2026-05-23 00:35:15,INFO,100.0,56.39,85.8,1161.2,6924207.62,3507221.54,4597.65,6769.24,74615,mdworker_shared,42.0,NORMAL,0,none,208
2026-05-23 00:35:15,INFO,100.0,58.24,85.7,1173.5,6924210.16,3507221.64,4597.66,6769.25,74604,mdworker_shared,68.5,NORMAL,0,none,209
2026-05-23 00:35:15,INFO,100.0,53.77,85.7,1173.5,6924210.67,3507221.96,4597.66,6769.26,74604,mdworker_shared,70.5,NORMAL,0,none,210
2026-05-23 00:35:16,INFO,100.0,54.55,85.7,1173.5,6924211.55,3507222.53,4597.66,6769.27,74562,Python,23.4,NORMAL,0,none,211
2026-05-23 00:35:16,INFO,100.0,57.98,85.7,1173.3,6924211.62,3507222.73,4597.66,6769.29,74616,mdworker_shared,72.1,NORMAL,0,none,212
2026-05-23 00:35:16,INFO,100.0,52.09,85.8,1166.8,6924211.71,3507223.85,4597.66,6769.3,74617,mdworker_shared,43.4,NORMAL,0,none,213
2026-05-23 00:35:16,INFO,100.0,55.05,85.9,1154.0,6924211.89,3507224.09,4597.66,6769.32,74619,mdworker_shared,47.2,NORMAL,0,none,214
2026-05-23 00:35:16,INFO,100.0,56.9,85.9,1153.4,6924212.28,3507240.35,4597.66,6769.33,74620,mdworker_shared,56.8,NORMAL,0,none,215
2026-05-23 00:35:16,INFO,100.0,55.35,85.9,1154.2,6924213.33,3507241.49,4597.66,6769.35,74620,mdworker_shared,51.6,NORMAL,0,none,216
2026-05-23 00:35:17,INFO,100.0,60.12,85.8,1159.9,6924214.46,3507241.72,4597.66,6769.39,74621,mdworker_shared,49.4,NORMAL,0,none,218
2026-05-23 00:35:17,WARNING,100.0,52.31,85.9,1155.8,6924215.52,3507241.72,4597.66,6769.41,74622,mdworker_shared,52.9,ANOMALY:CPU_SPIKE,1,CPU_SPIKE,219
2026-05-23 00:35:17,INFO,100.0,55.62,85.9,1155.1,6924215.97,3507246.08,4597.66,6769.44,74618,mdworker_shared,39.7,NORMAL,0,none,220
2026-05-23 00:35:17,INFO,100.0,55.24,85.9,1156.7,6924217.62,3507246.26,4597.66,6769.46,74618,mdworker_shared,32.6,NORMAL,0,none,221
2026-05-23 00:35:17,INFO,100.0,54.48,85.8,1163.3,6924218.43,3507246.29,4597.66,6769.47,74607,mdworker_shared,66.4,NORMAL,0,none,222
2026-05-23 00:35:17,INFO,100.0,53.51,85.9,1158.2,6924222.42,3507246.95,4597.66,6769.5,74607,mdworker_shared,71.0,NORMAL,0,none,223
2026-05-23 00:35:17,INFO,100.0,54.38,85.9,1158.2,6924223.45,3507246.95,4597.66,6769.52,74607,mdworker_shared,47.4,NORMAL,0,none,224
2026-05-23 00:35:18,INFO,100.0,71.35,85.9,1158.2,6924238.27,3507246.97,4597.67,6769.55,74619,mdworker_shared,30.9,NORMAL,0,none,225
2026-05-23 00:35:18,INFO,100.0,54.67,85.9,1158.2,6924239.99,3507247.14,4597.67,6769.57,74606,mdworker_shared,57.1,NORMAL,0,none,226
2026-05-23 00:35:18,INFO,100.0,54.46,85.9,1158.2,6924241.35,3507252.02,4597.67,6769.6,74605,mdworker_shared,77.6,NORMAL,0,none,227
2026-05-23 00:35:18,INFO,100.0,55.51,85.8,1160.7,6924241.82,3507252.03,4597.67,6769.62,74606,mdworker_shared,77.5,NORMAL,0,none,228
2026-05-23 00:35:18,INFO,100.0,55.3,85.9,1155.8,6924242.1,3507252.07,4597.67,6769.64,74607,mdworker_shared,76.8,NORMAL,0,none,229
2026-05-23 00:35:18,INFO,100.0,59.08,85.9,1155.6,6924242.61,3507270.29,4597.67,6769.66,74621,mdworker_shared,40.4,NORMAL,0,none,230
2026-05-23 00:35:18,INFO,100.0,56.24,85.9,1154.8,6924242.96,3507278.97,4597.67,6769.69,74626,mdworker_shared,72.1,NORMAL,0,none,231
2026-05-23 00:35:18,INFO,100.0,54.41,85.9,1154.5,6924243.18,3507278.97,4597.67,6769.71,74625,mdworker_shared,64.4,NORMAL,0,none,232
2026-05-23 00:35:19,INFO,100.0,52.75,85.9,1153.7,6924243.33,3507280.79,4597.67,6769.73,74625,mdworker_shared,52.6,NORMAL,0,none,233
2026-05-23 00:35:19,INFO,100.0,55.35,86.0,1147.6,6924243.5,3507280.79,4597.67,6769.75,74626,mdworker_shared,52.7,NORMAL,0,none,234
2026-05-23 00:35:19,INFO,100.0,54.06,85.9,1158.8,6924243.72,3507284.09,4597.67,6769.76,74626,mdworker_shared,37.7,NORMAL,0,none,235
2026-05-23 00:35:19,INFO,100.0,55.64,85.9,1154.6,6924244.79,3507290.75,4597.67,6769.78,74593,mdworker_shared,33.0,NORMAL,0,none,236
2026-05-23 00:35:19,INFO,100.0,54.46,86.0,1148.1,6924248.89,3507299.32,4597.67,6769.8,74604,mdworker_shared,24.8,NORMAL,0,none,237
2026-05-23 00:35:19,INFO,100.0,59.35,85.8,1162.6,6924257.67,3507300.45,4597.67,6769.82,74606,mdworker_shared,71.9,NORMAL,0,none,238
2026-05-23 00:35:19,INFO,100.0,54.81,85.8,1160.8,6924258.34,3507300.61,4597.67,6769.84,74606,mdworker_shared,74.8,NORMAL,0,none,239
2026-05-23 00:35:20,INFO,100.0,56.52,85.8,1162.5,6924258.85,3507300.82,4597.67,6769.87,74606,mdworker_shared,62.2,NORMAL,0,none,240
2026-05-23 00:35:20,INFO,100.0,58.12,85.8,1162.4,6924259.79,3507300.82,4597.67,6769.89,74627,mdworker_shared,61.8,NORMAL,0,none,241
2026-05-23 00:35:20,WARNING,100.0,56.35,93.1,1163.6,6924260.59,3507301.23,4597.67,6769.92,74605,mdworker_shared,74.4,ANOMALY:MEM_SPIKE,1,MEM_SPIKE,242
2026-05-23 00:35:20,WARNING,100.0,54.05,94.2,1168.0,6924272.21,3507305.93,4597.68,6769.95,74606,mdworker_shared,51.9,ANOMALY:MEM_SPIKE,1,MEM_SPIKE,243
2026-05-23 00:35:20,INFO,100.0,61.34,85.8,1164.2,6924273.8,3507305.93,4597.68,6769.97,74627,mdworker_shared,57.8,NORMAL,0,none,244
2026-05-23 00:35:20,INFO,100.0,56.31,85.8,1166.0,6924274.05,3507305.93,4597.68,6770.0,74620,mdworker_shared,49.7,NORMAL,0,none,245
2026-05-23 00:35:20,INFO,100.0,53.85,85.7,1174.8,6924274.47,3507306.07,4597.68,6770.02,74606,mdworker_shared,58.3,NORMAL,0,none,246
2026-05-23 00:35:21,INFO,100.0,62.08,85.5,1186.7,6924275.3,3507307.2,4597.69,6770.04,74625,mdworker_shared,40.2,NORMAL,0,none,247
2026-05-23 00:35:21,WARNING,100.0,63.12,94.2,1173.9,6924276.82,3507307.2,4597.69,6770.07,74622,mdworker_shared,71.6,ANOMALY:MEM_SPIKE,1,MEM_SPIKE,248
2026-05-23 00:35:21,INFO,100.0,56.17,85.7,1174.4,6924277.2,3507307.31,4597.69,6770.1,74617,mdworker_shared,77.7,NORMAL,0,none,249
2026-05-23 00:35:21,INFO,100.0,58.69,85.5,1185.0,6924278.19,3507337.31,4597.69,6770.12,74617,mdworker_shared,66.4,NORMAL,0,none,250
2026-05-23 00:35:21,INFO,100.0,54.01,85.6,1178.8,6924278.57,3507340.66,4597.69,6770.15,74617,mdworker_shared,71.1,NORMAL,0,none,251
2026-05-23 00:35:21,INFO,100.0,60.41,85.9,1156.6,6924302.04,3507356.62,4597.69,6770.17,74626,mdworker_shared,58.5,NORMAL,0,none,253
2026-05-23 00:35:21,INFO,100.0,56.33,85.9,1152.5,6924303.43,3507356.62,4597.69,6770.17,74626,mdworker_shared,63.9,NORMAL,0,none,254
2026-05-23 00:35:22,INFO,100.0,60.45,85.9,1154.8,6924304.6,3507356.62,4597.69,6770.18,74604,mdworker_shared,53.3,NORMAL,0,none,255
2026-05-23 00:35:22,INFO,100.0,54.09,86.0,1149.7,6924308.15,3507356.62,4597.69,6770.21,74626,mdworker_shared,52.8,NORMAL,0,none,256
2026-05-23 00:35:22,WARNING,100.0,55.73,85.9,1152.2,6924312.73,3507356.62,4597.7,6770.24,74604,mdworker_shared,29.7,ANOMALY:CPU_SPIKE,1,CPU_SPIKE,257
2026-05-23 00:35:22,INFO,76.9,54.12,86.0,1149.3,6924337.19,3507367.61,4597.7,6770.27,74621,mdworker_shared,28.9,NORMAL,0,none,258
2026-05-23 00:35:22,INFO,100.0,58.6,86.0,1149.8,6924337.4,3507373.37,4597.7,6770.31,74593,mdworker_shared,57.4,NORMAL,0,none,259
2026-05-23 00:35:22,INFO,100.0,55.35,86.0,1146.3,6924337.51,3507373.37,4597.7,6770.34,74620,mdworker_shared,40.8,NORMAL,0,none,260
2026-05-23 00:43:42,INFO,100.0,54.17,85.6,1176.0,6940464.59,3516485.7,4611.54,6965.91,76329,Python,19.4,NORMAL,0,none,274
2026-05-23 00:43:43,INFO,100.0,52.89,85.6,1179.5,6940465.04,3516485.7,4611.54,6965.91,76329,Python,23.0,NORMAL,0,none,275
2026-05-23 00:43:43,INFO,92.9,54.54,85.7,1168.4,6940472.34,3516488.64,4611.54,6965.91,76329,Python,20.5,NORMAL,0,none,277
2026-05-23 00:43:44,INFO,53.8,27.38,85.4,1193.0,6940538.48,3516533.86,4611.54,6965.91,76329,Python,19.9,NORMAL,0,none,284
2026-05-23 00:43:44,INFO,92.3,58.69,85.4,1193.0,6940576.11,3516561.3,4611.55,6965.92,76329,Python,19.7,NORMAL,0,none,286
2026-05-23 00:43:44,INFO,100.0,65.6,86.0,1150.8,6940577.23,3516579.42,4611.55,6965.92,76329,Python,21.6,NORMAL,0,none,287
2026-05-23 00:43:44,INFO,100.0,58.45,85.8,1163.4,6940579.11,3516583.8,4611.55,6965.92,76329,Python,24.7,NORMAL,0,none,288
2026-05-23 00:43:45,INFO,100.0,59.61,86.0,1145.5,6940583.86,3516584.49,4611.56,6965.94,76329,Python,21.6,NORMAL,0,none,290
2026-05-23 00:43:45,WARNING,100.0,58.23,85.9,1155.4,6940584.7,3516600.61,4611.57,6965.94,76329,Python,23.7,ANOMALY:CPU_SPIKE,1,CPU_SPIKE,291
2026-05-23 00:43:45,INFO,100.0,55.3,85.9,1155.4,6940585.23,3516607.5,4611.57,6965.95,76329,Python,23.8,NORMAL,0,none,292
2026-05-23 00:43:45,INFO,100.0,56.98,85.9,1155.4,6940602.12,3516613.76,4611.58,6965.96,76329,Python,21.3,NORMAL,0,none,294
2026-05-23 00:43:45,INFO,100.0,59.11,85.9,1151.8,6940602.39,3516628.64,4611.58,6965.96,76329,Python,25.7,NORMAL,0,none,295
2026-05-23 00:43:45,INFO,61.5,38.14,86.0,1146.8,6940638.76,3516645.11,4611.58,6965.96,76329,Python,19.2,NORMAL,0,none,297
2026-05-23 00:43:46,INFO,61.5,37.44,85.8,1162.5,6940664.91,3516675.24,4611.58,6965.96,76329,Python,20.1,NORMAL,0,none,298
2026-05-23 00:43:46,INFO,46.2,30.18,85.8,1161.0,6940696.21,3516696.65,4611.58,6965.96,60075,duetexpertd,19.9,NORMAL,0,none,299
2026-05-23 00:43:46,INFO,38.5,25.03,85.8,1161.0,6940724.73,3516714.09,4611.58,6965.96,76329,Python,19.7,NORMAL,0,none,300
2026-05-23 00:43:46,INFO,66.7,42.04,85.8,1161.0,6940751.01,3516735.47,4611.58,6965.96,76329,Python,20.2,NORMAL,0,none,301
2026-05-23 00:43:46,INFO,64.3,29.27,86.0,1146.8,6940809.56,3516771.84,4611.58,6965.96,76329,Python,19.5,NORMAL,0,none,303
2026-05-23 00:43:46,INFO,69.2,44.58,85.9,1153.0,6940837.91,3516792.71,4611.58,6965.96,76329,Python,20.2,NORMAL,0,none,304
2026-05-23 00:43:48,INFO,100.0,58.52,85.9,1152.7,6941062.0,3517012.2,4611.59,6965.97,76329,Python,24.9,NORMAL,0,none,314
2026-05-23 00:43:48,INFO,100.0,56.74,85.9,1152.7,6941062.85,3517013.57,4611.59,6965.97,76329,Python,25.1,NORMAL,0,none,315
2026-05-23 00:43:48,INFO,100.0,62.21,85.9,1152.7,6941063.8,3517017.7,4611.59,6965.97,76329,Python,24.0,NORMAL,0,none,316
2026-05-23 00:43:48,INFO,100.0,55.7,85.9,1152.7,6941064.25,3517017.7,4611.59,6965.97,76329,Python,24.8,NORMAL,0,none,317
2026-05-23 00:43:48,INFO,100.0,56.01,85.9,1152.7,6941064.76,3517017.7,4611.59,6965.97,76329,Python,24.3,NORMAL,0,none,318
2026-05-23 00:43:48,INFO,100.0,52.5,85.7,1170.9,6941065.61,3517019.36,4611.59,6965.97,76329,Python,24.4,NORMAL,0,none,319
2026-05-23 00:43:49,INFO,100.0,54.55,85.8,1161.3,6941066.36,3517019.36,4611.59,6965.97,76329,Python,25.6,NORMAL,0,none,320
2026-05-23 00:43:49,INFO,100.0,56.73,85.8,1159.3,6941067.91,3517029.77,4611.59,6965.97,76329,Python,27.5,NORMAL,0,none,323
2026-05-23 00:43:49,INFO,100.0,53.64,85.8,1159.3,6941069.39,3517030.52,4611.59,6965.97,76329,Python,26.7,NORMAL,0,none,324
2026-05-23 00:43:49,INFO,100.0,56.46,85.8,1159.3,6941070.38,3517039.15,4611.59,6965.97,76329,Python,25.6,NORMAL,0,none,325
2026-05-23 00:43:49,INFO,86.7,46.55,85.9,1154.2,6941073.36,3517039.26,4611.59,6965.97,76329,Python,22.7,NORMAL,0,none,326
2026-05-23 00:43:50,INFO,92.9,47.33,85.8,1161.8,6941075.59,3517039.61,4611.59,6965.97,76329,Python,24.9,NORMAL,0,none,327
2026-05-23 00:43:50,INFO,76.9,38.88,85.8,1161.0,6941076.98,3517040.08,4611.59,6965.97,76329,Python,24.1,NORMAL,0,none,328
2026-05-23 00:43:50,INFO,85.7,45.76,85.8,1161.0,6941077.2,3517040.32,4611.59,6965.97,76329,Python,22.5,NORMAL,0,none,329
2026-05-23 00:43:50,INFO,69.2,35.04,85.8,1161.0,6941077.79,3517041.09,4611.59,6965.97,76329,Python,21.8,NORMAL,0,none,330
2026-05-23 00:43:50,INFO,100.0,53.58,85.8,1161.0,6941077.79,3517042.09,4611.59,6965.97,76329,Python,24.4,NORMAL,0,none,331
2026-05-23 00:43:50,INFO,78.6,38.49,85.8,1161.0,6941078.29,3517046.68,4611.59,6965.97,76329,Python,25.6,NORMAL,0,none,332
2026-05-23 00:43:50,INFO,86.7,43.41,85.8,1161.0,6941078.52,3517047.8,4611.59,6965.97,76329,Python,26.0,NORMAL,0,none,333
2026-05-23 00:43:51,INFO,73.3,37.61,85.9,1157.0,6941078.6,3517048.12,4611.59,6965.97,76329,Python,26.3,NORMAL,0,none,334
2026-05-23 00:43:51,INFO,92.9,49.79,85.9,1153.7,6941078.74,3517048.42,4611.59,6965.97,76329,Python,27.6,NORMAL,0,none,335
2026-05-23 00:43:51,INFO,100.0,51.66,85.8,1162.7,6941080.6,3517048.95,4611.59,6965.97,76329,Python,26.7,NORMAL,0,none,336
2026-05-23 00:43:51,INFO,100.0,59.77,85.8,1162.7,6941121.05,3517111.11,4611.59,6965.97,76329,Python,25.6,NORMAL,0,none,340
2026-05-23 00:43:52,INFO,71.4,37.52,85.8,1162.7,6941121.3,3517112.13,4611.59,6965.97,76329,Python,22.4,NORMAL,0,none,341
2026-05-23 00:43:52,INFO,66.7,35.7,85.4,1198.8,6941121.38,3517112.46,4611.59,6965.97,76329,Python,25.2,NORMAL,0,none,342
2026-05-23 00:43:52,INFO,80.0,39.54,85.4,1194.4,6941122.69,3517112.7,4611.59,6965.97,76329,Python,22.2,NORMAL,0,none,343
2026-05-23 00:43:52,INFO,93.7,56.96,85.4,1192.3,6941124.75,3517113.14,4611.59,6965.97,76329,Python,26.3,NORMAL,0,none,344
2026-05-23 00:43:52,INFO,66.7,28.62,85.2,1215.3,6941126.52,3517115.11,4611.6,6965.97,76329,Python,21.5,NORMAL,0,none,348
2026-05-23 00:43:53,INFO,92.3,46.14,85.2,1215.3,6941126.68,3517115.39,4611.6,6965.97,76329,Python,25.3,NORMAL,0,none,349
2026-05-23 00:43:53,INFO,100.0,52.83,85.4,1196.8,6941127.86,3517115.39,4611.6,6965.97,76329,Python,23.9,NORMAL,0,none,350
2026-05-23 00:43:53,INFO,84.6,45.24,85.4,1198.7,6941128.24,3517116.18,4611.6,6965.97,76329,Python,25.1,NORMAL,0,none,351
2026-05-23 00:43:53,INFO,100.0,50.12,85.4,1197.5,6941128.64,3517116.18,4611.6,6965.97,76329,Python,25.8,NORMAL,0,none,352
2026-05-23 00:43:53,INFO,71.4,37.83,85.5,1189.4,6941128.74,3517116.34,4611.6,6965.97,76329,Python,26.1,NORMAL,0,none,353
2026-05-23 00:43:53,INFO,100.0,49.1,85.4,1195.1,6941129.14,3517117.62,4611.6,6965.97,76329,Python,26.0,NORMAL,0,none,354
2026-05-23 00:43:53,INFO,85.7,44.7,85.2,1211.5,6941129.46,3517117.62,4611.6,6965.97,76329,Python,26.1,NORMAL,0,none,355
2026-05-23 00:43:54,INFO,73.3,35.23,85.2,1211.1,6941129.74,3517118.69,4611.6,6965.97,76329,Python,26.3,NORMAL,0,none,356
2026-05-23 00:43:54,INFO,86.7,43.88,85.2,1211.1,6941130.19,3517119.46,4611.6,6965.97,76329,Python,25.5,NORMAL,0,none,357
2026-05-23 00:43:54,INFO,100.0,52.67,85.2,1215.9,6941130.32,3517119.46,4611.6,6965.97,76329,Python,25.1,NORMAL,0,none,358
2026-05-23 00:43:54,INFO,76.9,40.71,85.3,1207.6,6941131.85,3517120.73,4611.6,6965.97,76329,Python,23.2,NORMAL,0,none,360
2026-05-23 00:43:54,INFO,100.0,53.61,85.3,1207.6,6941131.86,3517120.73,4611.6,6965.97,76329,Python,23.7,NORMAL,0,none,361
2026-05-23 00:43:54,INFO,71.4,35.76,85.3,1207.6,6941132.38,3517120.9,4611.6,6965.97,76329,Python,21.6,NORMAL,0,none,362
2026-05-23 00:43:55,INFO,85.7,45.11,85.3,1207.6,6941135.36,3517122.39,4611.6,6965.97,76329,Python,25.2,NORMAL,0,none,363
2026-05-23 00:43:55,INFO,100.0,53.34,85.3,1207.6,6941140.05,3517123.04,4611.6,6965.97,76329,Python,26.6,NORMAL,0,none,364
2026-05-23 00:43:55,INFO,100.0,54.35,85.3,1207.6,6941142.18,3517123.04,4611.6,6965.97,76329,Python,22.0,NORMAL,0,none,365
2026-05-23 00:43:55,INFO,92.9,50.16,85.4,1196.6,6941142.49,3517123.04,4611.6,6965.97,76329,Python,25.3,NORMAL,0,none,366
2026-05-23 00:43:55,INFO,73.3,37.88,85.4,1193.0,6941152.38,3517123.26,4611.6,6965.97,76329,Python,18.1,NORMAL,0,none,367
2026-05-23 00:43:55,INFO,85.7,51.1,85.6,1183.1,6941166.48,3517125.17,4611.61,6965.97,67049,language_server,32.0,NORMAL,0,none,368
2026-05-23 00:43:55,INFO,100.0,53.56,85.5,1188.3,6941167.04,3517125.17,4611.61,6965.97,76329,Python,26.9,NORMAL,0,none,369
2026-05-23 00:43:56,INFO,100.0,52.55,85.5,1188.3,6941167.97,3517125.17,4611.62,6965.98,76329,Python,26.7,NORMAL,0,none,370
2026-05-23 00:43:56,INFO,100.0,52.5,85.5,1188.3,6941168.62,3517125.47,4611.62,6965.98,76329,Python,26.4,NORMAL,0,none,371
2026-05-23 00:43:56,WARNING,100.0,51.45,85.5,1188.3,6941168.99,3517125.47,4611.62,6965.98,76329,Python,26.0,ANOMALY:CPU_SPIKE,1,CPU_SPIKE,372
2026-05-23 00:43:56,INFO,100.0,52.5,85.5,1188.3,6941169.3,3517136.03,4611.62,6965.98,76329,Python,25.7,NORMAL,0,none,373
2026-05-23 00:43:56,INFO,100.0,56.09,85.8,1163.8,6941179.83,3517136.03,4611.62,6965.98,76329,Python,24.9,NORMAL,0,none,374
2026-05-23 00:43:56,INFO,100.0,55.24,85.8,1162.0,6941183.87,3517141.36,4611.62,6965.98,76329,Python,26.8,NORMAL,0,none,375
2026-05-23 00:43:56,INFO,100.0,55.08,85.9,1158.4,6941186.85,3517146.72,4611.62,6965.99,76329,Python,25.2,NORMAL,0,none,376
2026-05-23 00:43:57,INFO,100.0,55.17,85.9,1153.1,6941187.57,3517168.54,4611.62,6965.99,76329,Python,26.2,NORMAL,0,none,377
2026-05-23 00:43:57,WARNING,100.0,54.04,85.9,1152.0,6941188.88,3517169.25,4611.62,6966.02,76329,Python,26.6,ANOMALY:CPU_SPIKE,1,CPU_SPIKE,379
2026-05-23 00:43:57,INFO,100.0,62.71,85.9,1155.3,6941204.82,3517170.0,4611.62,6966.06,76329,Python,23.0,NORMAL,0,none,380
2026-05-23 00:43:57,INFO,100.0,53.45,85.9,1155.5,6941206.42,3517170.0,4611.63,6966.06,76329,Python,25.7,NORMAL,0,none,381
2026-05-23 00:43:58,INFO,100.0,53.71,85.5,1189.6,6941210.64,3517173.29,4611.63,6966.07,76329,Python,22.9,NORMAL,0,none,387
2026-05-23 00:43:58,INFO,100.0,51.92,85.5,1189.6,6941211.72,3517173.29,4611.63,6966.07,76329,Python,24.2,NORMAL,0,none,388
2026-05-23 00:43:58,INFO,100.0,54.46,85.9,1153.3,6941215.04,3517179.92,4611.63,6966.07,76329,Python,24.0,NORMAL,0,none,391
2026-05-23 00:43:59,INFO,100.0,53.85,85.9,1153.3,6941215.68,3517186.29,4611.63,6966.07,76329,Python,24.6,NORMAL,0,none,392
2026-05-23 00:43:59,INFO,93.7,63.42,85.9,1153.3,6941237.3,3517195.65,4611.63,6966.07,490,ControlCenter,21.7,NORMAL,0,none,393
2026-05-23 00:43:59,INFO,100.0,57.12,85.9,1153.3,6941238.79,3517198.71,4611.63,6966.07,76329,Python,25.0,NORMAL,0,none,394
2026-05-23 00:43:59,INFO,100.0,60.55,85.9,1153.3,6941239.84,3517198.71,4611.63,6966.07,76329,Python,23.8,NORMAL,0,none,395
2026-05-23 00:43:59,INFO,100.0,54.85,85.9,1153.3,6941240.29,3517201.59,4611.63,6966.07,76329,Python,22.9,NORMAL,0,none,396
2026-05-23 00:43:59,INFO,100.0,57.14,85.9,1153.3,6941242.75,3517201.84,4611.63,6966.07,76329,Python,22.7,NORMAL,0,none,397
2026-05-23 00:44:00,INFO,100.0,52.81,85.8,1163.7,6941246.48,3517204.41,4611.63,6966.07,76329,Python,24.0,NORMAL,0,none,399
2026-05-23 00:44:00,INFO,100.0,60.6,85.8,1159.5,6941249.29,3517204.45,4611.63,6966.07,76329,Python,23.6,NORMAL,0,none,400
2026-05-23 00:44:00,INFO,100.0,54.46,85.7,1173.5,6941249.71,3517204.45,4611.63,6966.07,76329,Python,24.0,NORMAL,0,none,401
2026-05-23 00:44:00,INFO,100.0,54.81,85.6,1177.8,6941250.82,3517204.45,4611.63,6966.07,76329,Python,23.5,NORMAL,0,none,402
2026-05-23 00:44:00,INFO,100.0,54.45,85.8,1165.3,6941251.5,3517204.45,4611.63,6966.07,76329,Python,24.4,NORMAL,0,none,403
2026-05-23 00:44:00,INFO,100.0,52.76,85.7,1169.5,6941251.94,3517204.5,4611.63,6966.07,76329,Python,25.6,NORMAL,0,none,404
2026-05-23 00:44:00,INFO,100.0,55.84,85.7,1169.4,6941252.36,3517204.5,4611.63,6966.07,76329,Python,26.8,NORMAL,0,none,405
2026-05-23 00:44:01,INFO,100.0,52.5,85.9,1152.6,6941252.8,3517212.12,4611.63,6966.07,76329,Python,26.1,NORMAL,0,none,406
2026-05-23 00:44:01,INFO,100.0,52.62,86.0,1145.3,6941253.09,3517212.12,4611.63,6966.07,76329,Python,25.9,NORMAL,0,none,407
2026-05-23 00:44:01,INFO,100.0,55.0,85.9,1157.9,6941253.46,3517221.84,4611.63,6966.07,76329,Python,26.2,NORMAL,0,none,408
2026-05-23 00:44:01,INFO,100.0,53.45,85.9,1157.9,6941253.83,3517227.28,4611.63,6966.07,76329,Python,26.5,NORMAL,0,none,409
2026-05-23 00:44:01,INFO,100.0,55.05,85.9,1157.9,6941254.89,3517230.59,4611.63,6966.07,76329,Python,27.2,NORMAL,0,none,411
2026-05-23 00:44:01,INFO,100.0,56.64,85.9,1157.9,6941255.39,3517231.11,4611.63,6966.07,76329,Python,24.3,NORMAL,0,none,412
2026-05-23 00:44:02,INFO,100.0,55.0,85.9,1157.9,6941255.85,3517232.79,4611.63,6966.07,76329,Python,25.9,NORMAL,0,none,413
2026-05-23 00:44:02,INFO,100.0,53.71,85.8,1165.7,6941256.16,3517232.79,4611.63,6966.07,76329,Python,24.5,NORMAL,0,none,414
2026-05-23 00:44:02,INFO,100.0,53.71,85.8,1159.9,6941257.12,3517232.79,4611.63,6966.07,76329,Python,22.6,NORMAL,0,none,415
2026-05-23 00:44:02,INFO,100.0,52.67,85.8,1159.9,6941258.82,3517234.82,4611.64,6966.07,76329,Python,24.2,NORMAL,0,none,417
2026-05-23 00:44:03,INFO,100.0,55.11,85.8,1159.9,6941262.86,3517235.37,4611.64,6966.08,76329,Python,24.7,NORMAL,0,none,421
2026-05-23 00:44:03,INFO,100.0,52.89,85.5,1183.9,6941264.47,3517235.37,4611.64,6966.08,76329,Python,26.6,NORMAL,0,none,422
2026-05-23 00:44:03,INFO,100.0,57.55,85.6,1178.9,6941265.55,3517235.37,4611.64,6966.08,76329,Python,22.2,NORMAL,0,none,423
2026-05-23 00:44:03,INFO,100.0,54.59,85.6,1175.7,6941266.09,3517235.37,4611.64,6966.08,76329,Python,25.2,NORMAL,0,none,424
2026-05-23 00:44:03,WARNING,100.0,52.3,85.6,1181.0,6941266.84,3517235.37,4611.64,6966.08,76329,Python,25.9,ANOMALY:CPU_SPIKE,1,CPU_SPIKE,425
2026-05-23 00:44:03,INFO,100.0,54.46,85.6,1178.1,6941267.32,3517235.37,4611.64,6966.08,76329,Python,24.7,NORMAL,0,none,426
2026-05-23 00:44:03,INFO,100.0,52.76,85.7,1173.8,6941267.79,3517235.37,4611.64,6966.08,76329,Python,25.9,NORMAL,0,none,427
2026-05-23 00:44:04,WARNING,100.0,53.62,85.6,1179.4,6941269.65,3517235.43,4611.64,6966.08,76329,Python,27.0,ANOMALY:CPU_SPIKE,1,CPU_SPIKE,428
2026-05-23 00:44:04,INFO,100.0,53.51,85.6,1180.5,6941270.43,3517235.43,4611.64,6966.08,76329,Python,26.2,NORMAL,0,none,429
2026-05-23 00:44:04,INFO,100.0,53.51,85.5,1185.5,6941270.77,3517235.43,4611.64,6966.08,76329,Python,26.6,NORMAL,0,none,430
2026-05-23 00:44:04,INFO,86.7,40.99,85.6,1182.9,6941271.03,3517235.57,4611.64,6966.08,76329,Python,26.0,NORMAL,0,none,431
2026-05-23 00:44:04,INFO,84.6,39.39,85.5,1189.6,6941279.63,3517236.36,4611.64,6966.08,76329,Python,26.4,NORMAL,0,none,432
2026-05-23 00:44:04,INFO,92.9,48.6,85.4,1192.7,6941285.07,3517236.55,4611.64,6966.08,70337,cloudd,27.0,NORMAL,0,none,433
2026-05-23 00:44:05,INFO,100.0,51.92,85.5,1191.8,6941286.64,3517236.55,4611.64,6966.08,76329,Python,27.2,NORMAL,0,none,435
2026-05-23 00:44:05,INFO,78.6,39.49,85.5,1191.9,6941286.81,3517236.55,4611.64,6966.08,76329,Python,26.2,NORMAL,0,none,436
2026-05-23 00:44:05,INFO,61.5,31.61,85.4,1194.2,6941292.08,3517237.76,4611.64,6966.08,76329,Python,25.8,NORMAL,0,none,437
2026-05-23 00:44:05,INFO,78.6,39.69,85.4,1196.9,6941294.99,3517238.29,4611.64,6966.08,76329,Python,25.3,NORMAL,0,none,438
2026-05-23 00:44:05,INFO,64.3,33.16,85.5,1190.1,6941295.55,3517238.52,4611.64,6966.08,76329,Python,23.2,NORMAL,0,none,439
2026-05-23 00:44:06,INFO,61.5,28.4,85.2,1209.6,6941299.72,3517239.02,4611.64,6966.08,76329,Python,22.8,NORMAL,0,none,442
2026-05-23 00:44:06,INFO,100.0,49.24,85.3,1208.0,6941302.75,3517241.22,4611.64,6966.08,76329,Python,26.0,NORMAL,0,none,444
2026-05-23 00:44:06,INFO,73.3,37.5,85.3,1208.0,6941303.28,3517241.22,4611.64,6966.08,76329,Python,26.0,NORMAL,0,none,445
2026-05-23 00:44:06,INFO,85.7,45.3,85.4,1199.0,6941306.54,3517241.95,4611.64,6966.08,76329,Python,26.5,NORMAL,0,none,447
2026-05-23 00:44:06,INFO,78.6,40.16,85.4,1199.0,6941307.0,3517242.08,4611.64,6966.08,76329,Python,25.8,NORMAL,0,none,448
2026-05-23 00:44:07,INFO,76.9,37.76,85.4,1199.0,6941319.79,3517242.72,4611.64,6966.08,76329,Python,26.7,NORMAL,0,none,450
2026-05-23 00:44:07,INFO,78.6,44.39,85.4,1199.0,6941321.99,3517243.04,4611.64,6966.08,76329,Python,24.6,NORMAL,0,none,451
2026-05-23 00:44:07,INFO,73.3,41.5,85.4,1199.0,6941326.3,3517243.45,4611.64,6966.08,76329,Python,26.1,NORMAL,0,none,452
2026-05-23 00:44:07,INFO,64.3,32.56,85.4,1199.0,6941327.32,3517243.8,4611.64,6966.08,76329,Python,24.9,NORMAL,0,none,453
2026-05-23 00:44:07,INFO,61.5,31.04,85.2,1214.5,6941333.45,3517244.21,4611.64,6966.08,76329,Python,23.5,NORMAL,0,none,456
2026-05-23 00:44:08,INFO,69.2,30.49,85.2,1213.8,6941335.01,3517244.81,4611.64,6966.08,76329,Python,23.1,NORMAL,0,none,457
2026-05-23 00:44:08,INFO,91.7,47.3,85.2,1212.7,6941335.12,3517245.02,4611.64,6966.08,76329,Python,23.9,NORMAL,0,none,458
2026-05-23 00:44:08,INFO,84.6,43.27,85.2,1212.7,6941335.32,3517245.02,4611.64,6966.08,76329,Python,24.9,NORMAL,0,none,459
2026-05-23 00:44:08,INFO,85.7,46.42,85.2,1212.7,6941336.24,3517245.02,4611.64,6966.08,76329,Python,24.8,NORMAL,0,none,460
2026-05-23 00:44:08,INFO,92.9,51.66,85.2,1212.7,6941337.24,3517245.71,4611.65,6966.08,76329,Python,25.0,NORMAL,0,none,461
2026-05-23 00:44:09,INFO,100.0,56.45,85.3,1206.6,6941338.65,3517246.41,4611.65,6966.08,76329,Python,25.1,NORMAL,0,none,464
2026-05-23 00:44:09,INFO,85.7,44.67,85.3,1206.6,6941339.96,3517246.96,4611.65,6966.08,76329,Python,26.6,NORMAL,0,none,465
2026-05-23 00:44:09,INFO,100.0,51.0,85.3,1206.6,6941340.07,3517246.96,4611.65,6966.08,76329,Python,24.7,NORMAL,0,none,466
2026-05-23 00:44:09,INFO,92.9,50.02,85.3,1206.6,6941342.07,3517246.96,4611.65,6966.08,76329,Python,25.3,NORMAL,0,none,467
2026-05-23 00:44:09,INFO,76.9,35.51,85.3,1206.6,6941343.68,3517247.78,4611.65,6966.08,76329,Python,25.2,NORMAL,0,none,468
2026-05-23 00:44:09,INFO,100.0,52.79,85.3,1206.6,6941344.41,3517248.3,4611.65,6966.08,76329,Python,24.0,NORMAL,0,none,469
2026-05-23 00:44:09,INFO,78.6,35.5,85.1,1224.1,6941344.77,3517248.3,4611.65,6966.08,76329,Python,24.3,NORMAL,0,none,470
